INSERT INTO Almacen VALUES
	('A1','Maquillaje','Productos que se aplican en el cuerpo para limpiarlo, hacerlo más atractivo o cambiar su apariencia'),
	('A2','Papelería','Conjunto de productos relacionados con el papel y la escritura');

INSERT INTO Secciones VALUES
	('A',250.0,'A1'),('B',315.0,'A1'),('C',295.0,'A2'),('D',340.0,'A2');

INSERT INTO Repisas VALUES
	('A','R1',80.0),('A','R2',80.0),('A','R3',80.0),('A','R4',60.0),
	('A','R5',60.0),('A','R6',60.0),('A','R7',60.0),('B','R8',48.0),
	('B','R9',48.0),('B','S1',48.0),('B','S2',48.0),('B','S3',48.0),
	('B','S4',48.0),('B','S5',48.0),('B','S6',48.0),('B','S7',48.0),
	('B','S8',48.0),('B','S9',48.0),('B','P1',48.0),('B','P2',48.0),
	('B','P3',48.0),('B','P4',48.0),('C','P5',80.0),('C','P6',80.0),
	('C','P7',80.0),('C','P8',80.0),('C','P9',80.0),('C','T1',80.0),
	('C','T2',80.0),('C','T3',80.0),('C','T4',80.0),('D','T5',60.0),
	('D','T6',60.0),('D','T7',60.0),('D','T8',60.0),('D','T9',80.0),
	('D','Q1',80.0),('D','Q2',80.0);

INSERT INTO Estands VALUES
	('A','E1',105.0,55.0),('A','E2',105.0,55.0),('B','E3',70.0,55.0),
	('B','E4',70.0,55.0),('B','E5',70.0,55.0),('C','E6',70.0,55.0),
	('C','E7',70.0,55.0),('C','E8',70.0,55.0),('D','E9',105.0,55.0),
	('D','F1',105.0,55.0);

INSERT INTO Ubicacion VALUES
	('A','E1','R1'),('A','E1','R2'),('A','E1','R3'),('A','E2','R4'),
	('A','E2','R5'),('A','E2','R6'),('A','E2','R7'),('B','E3','R8'),
	('B','E3','R9'),('B','E3','S1'),('B','E3','S2'),('B','E3','S3'),
	('B','E4','S4'),('B','E4','S5'),('B','E4','S6'),('B','E4','S7'),
	('B','E4','S8'),('B','E5','S9'),('B','E5','P1'),('B','E5','P2'),
	('B','E5','P3'),('B','E5','P4'),('C','E6','P5'),('C','E6','P6'),
	('C','E6','P7'),('C','E7','P8'),('C','E7','P9'),('C','E7','T1'),
	('C','E8','T2'),('C','E8','T3'),('C','E8','T4'),('D','E9','T5'),
	('D','E9','T6'),('D','E9','T7'),('D','E9','T8'),('D','F1','T9'),
	('D','F1','Q1'),('D','F1','Q2');

INSERT INTO Tipo_Producto(nombre_tipo_producto) VALUES
	('Maquillaje'),('Papelería');

INSERT INTO Categoria_Producto VALUES
	('Paletas','Iluminar y aportar profundidad a la mirada',1),
	('Primers','Crear una superficie uniforme y mejorar la duración del maquillaje',1),
	('Glitter','Añadir efecto de brillo y resplandor al maquillaje',1),
	('Labiales','Agregar color, textura, hidratación y protección a los labios',1),
	('Glosses','Añadir brillo con un toque de color',1),
	('Rubores','Dar color y realzar el tono natural del rostro',1),
	('Polvos','Fijar la base, controlar el brillo y proporcionar un acabado uniforme y mate al rostro',1),
	('Correctores','Disimular imperfecciones de la piel',1),
	('Delineadores','Definir y resaltar los ojos, los labios o las cejas',1),
	('Rimels','Mejorar la apariencias de las pestañas',1),
	('Cuadernos','Proporcionar un espacio conveniente y portátil para registrar información y expresar ideas de manera ordenada',2),
	('Lapiceros','Permitir escribir y dibujar sobre diferentes superficies',2);

INSERT INTO Funciones_Categoria(nombre_funcion,caracteristica_general) VALUES
	('Variedad','Ofrece una amplia gama de colores y acabados en un solo producto'),
	('Portabilidad','Son compactas y fáciles de transportar'),('Preparar la Piel',NULL),
	('Prolongar la Duración del Maquillaje','Ayuda a que la base del maquillaje y otros productos se adhieran mejor y duren más tiempo sin desvanecerse, agrietarse o desplazarse'),
	('Controlar el Brillo',NULL),('Controlar la Oleosidad','Ayudan a controlar el exceso de sebo y mantener un acabado mate durante el día'),
	('Hidratar la Piel','Aportan humedad a la piel'),('Suavizar','Crea una superficie más suave para la aplicación del maquillaje'),
	('Rellenar','Rellenar los poros y líneas finas'),('Corregir el Color',NULL),
	('Proteger la Piel','Contiene antioxidantes o SPF que proporcionan una capa adicional de protección contra los daños ambientales y la radiación UV'),
	('Añadir Brillo','Proporciona un acabado brillante y llamativo'),('Añadir Resplandor',NULL),('Crear Efectos Especiales',NULL),
	('Destacar Rasgos',NULL),('Versatilidad de Usos','Puede mezclarse con otros productos de maquillaje'),
	('Expresión Artística',NULL),('Agregar Color',NULL),('Definir y Resaltar',NULL),
	('Complementar Maquillaje',NULL),('Hidratar','Contienen ingredientes hidratantes como aceites, mantecas y vitaminas que dan suavidad e hidratación'),
	('Proteger','Incluyen protección solar para prevenir el daño causado por los rayos UV'),
	('Versatilidad de Estilos','Permiten una amplia versatilidad en los estilos de maquillaje, adaptándose a las necesidades y preferencias individuales'),
	('Expresión Personal','Pueden reflejar el estado de ánimo, la personalidad y el estilo individual de quien los usa'),
	('Añadir Volumen',NULL),('Añadir Calidez',NULL),('Realzar la Estructura Facial',NULL),('Fijar Maquillaje','Fijar la base y otros productos en crema o líquidos'),
	('Unificar el Tono de la Piel','Ayudar a suavizar y unificar el tono de la piel, proporcionando un acabado más uniforme y refinado'),
	('Matificar el Rostro',NULL),('Suavizar la Apariencia de los Poros y las Líneas Finas',NULL),
	('Disimular Imperfecciones','Ocultar imperfecciones específicas de la piel, como manchas oscuras, granos, cicatrices y decoloraciones'),
	('Neutralizar Tono de Piel',NULL),('Iluminar',NULL),('Resaltar',NULL),
	('Crear una Base Uniforme','Ayuda a crear una superficie más uniforme y suave, mejorando la apariencia general del maquillaje'),
	('Definir los Ojos','Definir la forma de los ojos y realzar su apariencia'),('Agregar Profundidad y Dimensión',NULL),
	('Corregir Formas y Proporciones',NULL),('Resaltar los Labios',NULL),('Resaltar las Cejas',NULL),('Añadir Longitud',NULL),
	('Añadir Definición',NULL),('Resistencia al Agua',NULL),('Tomar Notas',NULL),('Escribir',NULL),('Dibujar',NULL),
	('Organizar',NULL),('Registrar',NULL),('Durabilidad',NULL),('Borrado',NULL),('Precisión y Control',NULL);

INSERT INTO CategoriaxFunciones VALUES
	('Paletas',1,NULL),('Paletas',2,'Ideales para llevar en el bolso o en el kit de maquillaje'),
	('Primers',3,'Crea una base lisa sobre la piel'),('Primers',4,NULL),
	('Primers',5,NULL),('Primers',6,NULL),('Primers',7,NULL),('Primers',8,NULL),
	('Primers',9,NULL),('Primers',10,'Ayudan a corregir la tonalidad de la piel'),
	('Primers',11,NULL),('Glitter',12,NULL),('Glitter',13,NULL),('Glitter',14,NULL),('Glitter',15,NULL),('Glitter',16,NULL),
	('Glitter',17,NULL),('Labiales',18,NULL),('Labiales',19,'Ayudan a definir la forma de los labios, haciéndolos más prominentes y atractivos'),
	('Labiales',20,NULL),('Labiales',21,NULL),('Labiales',22,NULL),('Labiales',23,NULL),('Labiales',24,NULL),
	('Glosses',12,'Proporcionar un acabado brillante a los labios, haciéndolos lucir más voluminosos y atractivos'),
	('Glosses',21,NULL),('Glosses',25,'Crea la ilusión de labios más llenos y voluminosos'),
	('Rubores',18,'Añadir un toque de color a las mejillas, lo que da la apariencia de un rostro saludable y radiante'),('Rubores',26,NULL),
	('Rubores',27,'Puede acentuar pómulos, definir mejillas y equilibrar las proporciones faciales'),
	('Rubores',20,NULL),('Polvos',28,NULL),('Polvos',4,NULL),
	('Polvos',5,'Ayudan a controlar el exceso de brillo y grasa en la piel, especialmente en áreas propensas a ser más oleosas como la zona T (frente, nariz y barbilla)'),
	('Polvos',29,NULL),('Polvos',30,'Proporcionan un acabado mate, eliminando cualquier brillo no deseado y dejando la piel con un aspecto suave y sin reflejos'),
	('Polvos',31,'Crea una superficie más lisa y uniforme'),
	('Correctores',32,NULL),('Correctores',33,'Los correctores verdes neutralizan el enrojecimiento, los correctores naranjas neutralizan las ojeras, y los correctores amarillos ayudan a iluminar áreas oscuras'),
	('Correctores',34,'Iluminar áreas específicas del rostro, como debajo de los ojos, el puente de la nariz y el centro de la frente'),
	('Correctores',35,NULL),('Correctores',36,NULL),
	('Delineadores',37,'Utilizarse en la línea de las pestañas superiores e inferiores para crear una mirada más intensa y expresiva'),
	('Delineadores',38,'Pueden ayudar a agrandar los ojos, hacer que las pestañas parezcan más densas'),
	('Delineadores',23,NULL),('Delineadores',39,NULL),
	('Delineadores',40,'Definir el contorno y prevenir que el labial se salga'),
	('Delineadores',41,'Rellenar y definir la forma de las cejas'),('Rimels',42,NULL),('Rimels',43,NULL),
	('Rimels',25,NULL),('Rimels',44,NULL),('Rimels',21,NULL),('Rimels',22,NULL),
	('Cuadernos',45,NULL),('Cuadernos',46,NULL),('Cuadernos',47,NULL),('Cuadernos',48,NULL),('Cuadernos',49,NULL),('Cuadernos',2,NULL),
	('Cuadernos',50,NULL),('Lapiceros',50,NULL),('Lapiceros',51,NULL),('Lapiceros',52,NULL),('Lapiceros',48,NULL),
	('Lapiceros',47,NULL),('Lapiceros',2,NULL),('Lapiceros',45,NULL);

INSERT INTO Categoria_Producto_Zona VALUES
	('Paletas','Ojos'),('Paletas','Rostro'),
	('Primers','Rostro'),('Primers','Ojos'),('Primers','Labios'),('Primers','Pestañas'),
	('Glitter','Ojos'),('Glitter','Rostro'),('Glitter','Labios'),
	('Labiales','Labios'),('Glosses','Labios'),('Rubores','Mejillas'),
	('Polvos','Rostro'),('Correctores','Ojeras'),('Correctores','Rostro'),
	('Delineadores','Ojos'),('Delineadores','Labios'),('Rimels','Pestañas'),
	('Cuadernos','Ninguno'),('Lapiceros','Ninguno');

INSERT INTO Categoria_Producto_Sub_Tipo_Existe VALUES
	('Paletas','Sombras de Ojos'),('Paletas','Coloretes y Contorno'),('Paletas','Iluminadores'),('Paletas','Labiales'),
	('Paletas','Correctores'),('Paletas','Maquillaje para Cejas'),('Paletas','Multifunción'),
	('Primers','Matificantes'),('Primers','Hidratantes'),('Primers','Iluminadores'),('Primers','Minimizadores de Poros'),
	('Primers','Para Ojos'),('Primers','Para Labios'),('Primers','Para Pestañas'),('Primers','Para Rostro'),
	('Glitter','Sueltos'),('Glitter','Prensados'),('Glitter','Geles'),
	('Labiales','En Barra'),('Labiales','Líquido'),('Labiales','Brillos'),
	('Labiales','Lápices'),('Labiales','Tintados'),
	('Glosses','Transparentes'),('Glosses','Tintados'),('Glosses','Efectos Especiales'),('Glosses','Plumpers'),
	('Rubores','En Polvo'),('Rubores','En Crema'),('Rubores','Líquido'),('Rubores','En Barra'),('Rubores','Tintados'),
	('Polvos','Sueltos'),('Polvos','Compactos'),('Polvos','Translúcidos'),('Polvos','Con Color'),('Polvos','Minerales'),
	('Correctores','Líquido'),('Correctores','Cremosos'),('Correctores','En Barra'),('Correctores','En Polvo'),('Correctores','Con Color'),
	('Delineadores','Lápices'),('Delineadores','Líquido'),('Delineadores','Geles'),('Delineadores','Cremosos'),
	('Delineadores','Kohl'),('Delineadores','Pincel'),('Delineadores','Resistentes al Agua'),
	('Rimels','Voluminizadoras'),('Rimels','Alargadoras'),('Rimels','Curvadoras'),('Rimels','Resistentes al Agua'),
	('Rimels','Larga Duración'),('Rimels','Nutritivas'),
	('Cuadernos','De Notas'),('Cuadernos','De Dibujo'),('Cuadernos','Agendas'),('Cuadernos','Planificadores'),
	('Cuadernos','De Bocetos'),('Cuadernos','De Espiral'),('Cuadernos','Tapa Dura'),('Cuadernos','Tapa Blanda'),
	('Cuadernos','De Bolsillo'),('Cuadernos','Ecológicos'),('Cuadernos','Blinder'),
	('Cuadernos','Rayado'),('Cuadernos','Cuadriculado'),('Cuadernos','Hojas Blancas'),
	('Lapiceros','Tinta Gel'),('Lapiceros','Tinta Gel Líquido'),('Lapiceros','Tinta Gel Híbrida'),
	('Lapiceros','Tinta Gel Borrable'),('Lapiceros','Tinta Líquida'),('Lapiceros','Punta Porosa'),
	('Lapiceros','Punto de Fieltro'),('Lapiceros','Punta de Aguja'),('Lapiceros','Punta Retráctil'),
	('Lapiceros','Multifunción');

INSERT INTO Marca VALUES
	('Beauty Creations','Productos de maquillaje y cuidado de la piel'),
	('Italia Deluxe','Productos de maquillaje y cuidado personal'),
	('Super Stay','Productos de maquillaje de Maybelline, principalmente labiales y bases de larga duración'),
	('Prosa','Cosméticos y Belleza'),
	('Looes-Leaf','Artículos de papelería'),
	('Diamond','Artículos de escritura');

INSERT INTO Presentacion (tipo_presentacion) VALUES
	('Sombras de Ojos'),('Para Rostro'),('Suelto'),
	('Cremoso'),('En Polvo'),('Líquido'),('En Crema'),
	('En Barra'),('Efecto Vinil En Barra'),('Efecto Matte En Barra'),
	('Geles'),('Pincel'),('De Labios Cremoso'),('Voluminizadoras'),('Alargadoras'),
	('Nutritivas Alargadoras'),('Blinder B5 Rayado'),('B5 Rayado'),('B5 Cuadriculado'),('B5 Hojas Blancas'),
	('Tinta Gel'),('Punta de Aguja'),('A4 Rayado'),('A4 Cuadriculado'),('A4 Hojas Blancas');

INSERT INTO Colores(nombre_color,cod_hexa) VALUES
	('Azul','#0000FF'),('Rojo','#FF0000'),('Amarillo','#FFD300'),('Negro','#000000'),
	('Blanco','#FFFFFF'),('Verde','#008000'),('Anaranjado','#FFA500'),
	('Rosado','#FFC0CB'),('Morado','#4A2364'),('Gris','#808080'),('Marrón','#804000'),
	('Crema','#FFFDD0'),
	('Traslucent Dream',NULL),('Honey Me',NULL),
	('Bare-4B',NULL),('Natural Beige-5B',NULL),
	('GRL PWR',NULL),('Baby Girl',NULL),('Way Sassy',NULL),
	('She´s Go It',NULL),('Neverending',NULL),('Can´t & Will',NULL),
	('Fierce',NULL),('Chingona',NULL),('Glassy',NULL),
	('01 Almond',NULL),('02 Cocoa',NULL),('07 Sirena',NULL),
	('08 Poison Apple',NULL),('11 Cognac',NULL),('12 Teddy',NULL),
	('Peachy',NULL),('Cheeky',NULL),('Wicked',NULL),
	('Lippy',NULL),('Witty',NULL),('Royal',NULL),
	('Amazonian',NULL),('Lover',NULL),('Pioneer',NULL),
	('Voyager',NULL),('City Artist',NULL),('Dreamer',NULL),
	('Ruler',NULL),('City Inspirer',NULL),
	('Divine',NULL),('Material Girl',NULL),('Mid Blowing',NULL),
	('24K',NULL),('Hour Glass',NULL),('Lust',NULL),
	('Pixie',NULL),('Fairy Dust',NULL),('Hazelnut',NULL),('Auburn',NULL),('Mahogamy',NULL),
	('Espresso',NULL),('Light Brown',NULL),
	('Hot Cocoa',NULL),('Chocolate','#D2691E'),('Red Cherry',NULL);

INSERT INTO Proveedor VALUES
('20603302151','IMPORT EXPORT JAXU S.A.C','Fernando Quiroz','980520529',NULL,'Lima','Cal. Schell Nro. 255 San Miguel de Miraflores','facebook.com/JAXUPERU',2,'2023-06-09 15:30:00',NULL),
('20607504149','STELLAX S.A.C.','Lucía Cabanillas','955978789',NULL,'Lima','Jr. Ucayali Nro. 738 Int. 102g','facebook.com/STELLAX',2,'2023-08-09 14:00:00',NULL),
('20789101234','YanbalPapeleríaSAC','Marisol Rodriguez', '955978799',NULL,'Lima','Av. Los Pinos 1014','facebook.com/Yanbal',2,'2024-01-21 11:00:00',NULL),
('21012345678','AtlasBeautySAC','José Manrique','995978799',NULL,'Lima','Calle Los Olivos 2022','facebook.com/AtlasB',1,'2024-02-15 10:45:00',NULL),
('22890123456','RuletaCosméticaSAC','Fátima Romero','985978799',NULL,'Lima','Calle Los Álamos 1414','facebook.com/RuletaCosmetica',1,'2024-04-21 18:45:00',NULL);

INSERT INTO Producto VALUES
	('PAL01',1,1,'Jasmine','Beauty Creations','Paleta inspirado en la llamativa princesa Jasmine. Incluye 35 sombras',
	'Contiene sombras con tonos fríos, cálidos y shimers',85.00,0.350,2.0,10.0,5.0,'2024-01-21 11:00:00','2024-01-21 11:00:00',3,4,'Paletas'),
	('PAL02',1,7,'Island Girl','Beauty Creations','Paleta completa para recrear looks coloridos y vibrantes. Incluye 15 sombras y espejo',
	'Contiene sombras con tonos fríos, cálidos y shimers',85.00,0.350,2.0,10.0,5.0,'2024-01-21 11:00:00','2024-01-21 11:00:00',3,4,'Paletas'),
	('PAL03',1,8,'Tease Me','Beauty Creations','Paleta completa, perfecta para looks elaborados y sutiles. Incluye 18 sombras y espejo',
	'Contiene sombras con tonos cálidos y shimers',55.00,0.350,2.0,10.0,5.0,'2024-01-21 11:00:00','2024-01-21 11:00:00',3,4,'Paletas'),
	('PAL04',1,9,'Nude X','Beauty Creations','Paleta completa para recrear looks, desde básicos a elaborados',
	'Contiene sombras con tonos cálidos y shimers',75.00,0.350,2.0,10.0,5.0,'2024-01-21 11:00:00','2024-01-21 11:00:00',3,4,'Paletas'),
	('PRI01',2,6,'Releaf Primer','Italia Deluxe','Ideal para pieles secas para aportar luminosidad, sin verse grasoso',
	'Contiene extracto de cannabis, ácido hialurónico, vitamina B5, niacinamida',28.50,0.150,2.5,2.5,4.0,'2024-01-21 11:00:00','2024-01-21 11:00:00',4,4,'Primers'),
	('POL01',3,8,'Pink Cloud Bye Filter','Beauty Creations','Perfecto para un acabado hermoso y efecto blush',
	'Nueva fórmula talc-free',55.00,0.150,3.5,3.5,1.5,'2024-01-21 11:00:00','2024-01-21 11:00:00',4,4,'Polvos'),
	('POL02',3,12,'Bye Filter','Beauty Creations','Para fijar maquillaje',
	'Deja un acabado mate y efecto filtro en el rostro',45.00,0.150,3.5,3.5,1.5,'2024-01-21 11:00:00','2024-01-21 11:00:00',4,4,'Polvos'),
	('POL03',3,13,'Bye Filter','Beauty Creations','Para fijar maquillaje',
	'Deja un acabado mate y efecto filtro en el rostro',45.00,0.150,3.5,3.5,1.5,'2024-01-21 11:00:00','2024-01-21 11:00:00',3,4,'Polvos'),
	('POL04',3,14,'Bye Filter','Beauty Creations','Para fijar maquillaje',
	'Deja un acabado mate y efecto filtro en el rostro',45.00,0.150,3.5,3.5,1.5,'2024-01-21 11:00:00','2024-01-21 11:00:00',3,4,'Polvos'),
	('COR01',4,11,'Corrector HD Pro','Italia Deluxe','Con cobertura media a graduable, hidrata y matifica',
	'Para mayor cobertura aplicarlo con brocha biselada o lengua de gato',16.00,0.150,1.0,1.0,3.5,'2024-01-21 11:00:00','2024-01-21 11:00:00',6,4,'Correctores'),
	('COR02',4,15,'Corrector HD Pro','Italia Deluxe','Con cobertura media a graduable, hidrata y matifica',
	'Para mayor cobertura aplicarlo con brocha biselada o lengua de gato',16.00,0.150,1.0,1.0,3.5,'2024-01-21 11:00:00','2024-01-21 11:00:00',8,4,'Correctores'),
	('COR03',4,16,'Corrector HD Pro','Italia Deluxe','Con cobertura media a graduable, hidrata y matifica',
	'Para mayor cobertura aplicarlo con brocha biselada o lengua de gato',16.00,0.150,1.0,1.0,3.5,'2024-01-21 11:00:00','2024-01-21 11:00:00',6,4,'Correctores'),
	('COR04',5,5,'Blur Italia Deluxe','Italia Deluxe','Retoque invisible que deja un efecto mate y sedoso',
	'Desaparece la grasa al instante',28.00,0.150,1.0,1.0,2.5,'2024-01-21 11:00:00','2024-01-21 11:00:00',6,4,'Correctores'),
	('RUB01',6,8,'Cheeky Baby Líquido','Italia Deluxe','Perfecto blush con una excelente pigmentación, basta con un punto a usar',
	'Puede usarse en mejillas y labios',17.50,0.150,1.0,1.0,3.5,'2024-01-21 11:00:00','2024-01-21 11:00:00',6,4,'Rubores'),
	('RUB02',6,17,'Cheeky Baby Líquido','Italia Deluxe','Perfecto blush con una excelente pigmentación, basta con un punto a usar',
	'Puede usarse en mejillas y labios',17.50,0.150,1.0,1.0,3.5,'2024-01-21 11:00:00','2024-01-21 11:00:00',6,4,'Rubores'),
	('RUB03',6,18,'Cheeky Baby Líquido','Italia Deluxe','Perfecto blush con una excelente pigmentación, basta con un punto a usar',
	'Puede usarse en mejillas y labios',17.50,0.150,1.0,1.0,3.5,'2024-01-21 11:00:00','2024-01-21 11:00:00',6,4,'Rubores'),
	('RUB04',6,19,'Cheeky Baby Líquido','Italia Deluxe','Perfecto blush con una excelente pigmentación, basta con un punto a usar',
	'Puede usarse en mejillas y labios',17.50,0.150,1.0,1.0,3.5,'2024-01-21 11:00:00','2024-01-21 11:00:00',6,4,'Rubores'),
	('RUB05',7,8,'Stay Blushing Cute','Beauty Creations','Buena pigmentación y se desliza al difuminar. Deja un acabado semi matte',
	'Puede usarse en labios y mejillas',30.00,0.150,1.0,1.0,3.5,'2024-01-21 11:00:00','2024-01-21 11:00:00',6,4,'Rubores'),
	('RUB06',7,20,'Stay Blushing Cute','Beauty Creations','Buena pigmentación y se desliza al difuminar. Deja un acabado semi matte',
	'Puede usarse en labios y mejillas',30.00,0.150,1.0,1.0,3.5,'2024-01-21 11:00:00','2024-01-21 11:00:00',6,4,'Rubores'),
	('RUB07',7,21,'Stay Blushing Cute','Beauty Creations','Buena pigmentación y se desliza al difuminar. Deja un acabado semi matte',
	'Puede usarse en labios y mejillas',30.00,0.150,1.0,1.0,3.5,'2024-01-21 11:00:00','2024-01-21 11:00:00',6,4,'Rubores'),
	('RUB08',7,22,'Stay Blushing Cute','Beauty Creations','Buena pigmentación y se desliza al difuminar. Deja un acabado semi matte',
	'Puede usarse en labios y mejillas',30.00,0.150,1.0,1.0,3.5,'2024-01-21 11:00:00','2024-01-21 11:00:00',6,4,'Rubores'),	
	('RUB09',7,7,'Cheeky Baby Crema','Italia Deluxe','Contiene una buena pigmentación y es fácil de difuminar dejando un acabado matte',
	'Puede usarase en labios y mejillas',16.00,0.150,1.0,1.0,3.5,'2024-01-21 11:00:00','2024-01-21 11:00:00',6,4,'Rubores'),
	('RUB010',7,23,'Cheeky Baby Crema','Italia Deluxe','Contiene una buena pigmentación y es fácil de difuminar dejando un acabado matte',
	'Puede usarase en labios y mejillas',16.00,0.150,1.0,1.0,3.5,'2024-01-21 11:00:00','2024-01-21 11:00:00',6,4,'Rubores'),
	('RUB011',7,24,'Cheeky Baby Crema','Italia Deluxe','Contiene una buena pigmentación y es fácil de difuminar dejando un acabado matte',
	'Puede usarase en labios y mejillas',16.00,0.150,1.0,1.0,3.5,'2024-01-21 11:00:00','2024-01-21 11:00:00',6,4,'Rubores'),
	('RUB012',7,25,'Cheeky Baby Crema','Italia Deluxe','Contiene una buena pigmentación y es fácil de difuminar dejando un acabado matte',
	'Puede usarase en labios y mejillas',16.00,0.150,1.0,1.0,3.5,'2024-01-21 11:00:00','2024-01-21 11:00:00',6,4,'Rubores'),	
	('LAB01',8,12,'Matte Mousse Liquid Lipstick','Italia Deluxe','Labiales matte con efecto hidratante transferencia mínima',
	NULL,25.00,0.250,1.0,1.0,2.5,'2024-01-21 11:00:00','2024-01-21 11:00:00',7,4,'Labiales'),
	('LAB02',8,26,'Matte Mousse Liquid Lipstick','Italia Deluxe','Labiales matte con efecto hidratante transferencia mínima',
	NULL,25.00,0.250,1.0,1.0,2.5,'2024-01-21 11:00:00','2024-01-21 11:00:00',7,4,'Labiales'),
	('LAB03',8,27,'Matte Mousse Liquid Lipstick','Italia Deluxe','Labiales matte con efecto hidratante transferencia mínima',
	NULL,25.00,0.250,1.0,1.0,2.5,'2024-01-21 11:00:00','2024-01-21 11:00:00',7,4,'Labiales'),
	('LAB04',8,28,'Matte Mousse Liquid Lipstick','Italia Deluxe','Labiales matte con efecto hidratante transferencia mínima',
	NULL,25.00,0.250,1.0,1.0,2.5,'2024-01-21 11:00:00','2024-01-21 11:00:00',7,4,'Labiales'),
	('LAB05',8,29,'Matte Mousse Liquid Lipstick','Italia Deluxe','Labiales matte con efecto hidratante transferencia mínima',
	NULL,25.00,0.250,1.0,1.0,2.5,'2024-01-21 11:00:00','2024-01-21 11:00:00',7,4,'Labiales'),
	('LAB06',8,30,'Matte Mousse Liquid Lipstick','Italia Deluxe','Labiales matte con efecto hidratante transferencia mínima',
	NULL,25.00,0.250,1.0,1.0,2.5,'2024-01-21 11:00:00','2024-01-21 11:00:00',7,4,'Labiales'),
	('LAB07',8,31,'Matte Mousse Liquid Lipstick','Italia Deluxe','Labiales matte con efecto hidratante transferencia mínima',
	NULL,25.00,0.250,1.0,1.0,2.5,'2024-01-21 11:00:00','2024-01-21 11:00:00',7,4,'Labiales'),	
	('LAB08',9,8,'Vinyl Ink Maybelline','Super Stay','Labial con efecto vinil intransferible hasta por 16 hr',
	'Deja un acabado brillante hermoso',47.00,0.250,1.0,1.0,2.5,'2024-01-21 11:00:00','2024-01-21 11:00:00',7,4,'Labiales'),
	('LAB09',9,32,'Vinyl Ink Maybelline','Super Stay','Labial con efecto vinil intransferible hasta por 16 hr',
	'Deja un acabado brillante hermoso',47.00,0.250,1.0,1.0,2.5,'2024-01-21 11:00:00','2024-01-21 11:00:00',7,4,'Labiales'),
	('LAB010',9,33,'Vinyl Ink Maybelline','Super Stay','Labial con efecto vinil intransferible hasta por 16 hr',
	'Deja un acabado brillante hermoso',47.00,0.250,1.0,1.0,2.5,'2024-01-21 11:00:00','2024-01-21 11:00:00',7,4,'Labiales'),
	('LAB011',9,34,'Vinyl Ink Maybelline','Super Stay','Labial con efecto vinil intransferible hasta por 16 hr',
	'Deja un acabado brillante hermoso',47.00,0.250,1.0,1.0,2.5,'2024-01-21 11:00:00','2024-01-21 11:00:00',7,4,'Labiales'),
	('LAB012',9,35,'Vinyl Ink Maybelline','Super Stay','Labial con efecto vinil intransferible hasta por 16 hr',
	'Deja un acabado brillante hermoso',47.00,0.250,1.0,1.0,2.5,'2024-01-21 11:00:00','2024-01-21 11:00:00',7,4,'Labiales'),
	('LAB013',9,36,'Vinyl Ink Maybelline','Super Stay','Labial con efecto vinil intransferible hasta por 16 hr',
	'Deja un acabado brillante hermoso',47.00,0.250,1.0,1.0,2.5,'2024-01-21 11:00:00','2024-01-21 11:00:00',7,4,'Labiales'),
	('LAB014',9,37,'Vinyl Ink Maybelline','Super Stay','Labial con efecto vinil intransferible hasta por 16 hr',
	'Deja un acabado brillante hermoso',47.00,0.250,1.0,1.0,2.5,'2024-01-21 11:00:00','2024-01-21 11:00:00',7,4,'Labiales'),
	('LAB015',10,2,'Matte Maybelline','Super Stay','Labial con efecto matte intransferible hasta por 24 hr',
	'Deja un acabado matte sin resecar los labios',45.00,0.250,1.0,1.0,2.5,'2024-01-21 11:00:00','2024-01-21 11:00:00',7,4,'Labiales'),
	('LAB016',10,38,'Matte Maybelline','Super Stay','Labial con efecto matte intransferible hasta por 24 hr',
	'Deja un acabado matte sin resecar los labios',45.00,0.250,1.0,1.0,2.5,'2024-01-21 11:00:00','2024-01-21 11:00:00',7,4,'Labiales'),
	('LAB017',10,39,'Matte Maybelline','Super Stay','Labial con efecto matte intransferible hasta por 24 hr',
	'Deja un acabado matte sin resecar los labios',45.00,0.250,1.0,1.0,2.5,'2024-01-21 11:00:00','2024-01-21 11:00:00',7,4,'Labiales'),
	('LAB018',10,40,'Matte Maybelline','Super Stay','Labial con efecto matte intransferible hasta por 24 hr',
	'Deja un acabado matte sin resecar los labios',45.00,0.250,1.0,1.0,2.5,'2024-01-21 11:00:00','2024-01-21 11:00:00',7,4,'Labiales'),
	('LAB019',10,41,'Matte Maybelline','Super Stay','Labial con efecto matte intransferible hasta por 24 hr',
	'Deja un acabado matte sin resecar los labios',45.00,0.250,1.0,1.0,2.5,'2024-01-21 11:00:00','2024-01-21 11:00:00',7,4,'Labiales'),
	('LAB020',10,42,'Matte Maybelline','Super Stay','Labial con efecto matte intransferible hasta por 24 hr',
	'Deja un acabado matte sin resecar los labios',45.00,0.250,1.0,1.0,2.5,'2024-01-21 11:00:00','2024-01-21 11:00:00',7,4,'Labiales'),
	('LAB021',10,43,'Matte Maybelline','Super Stay','Labial con efecto matte intransferible hasta por 24 hr',
	'Deja un acabado matte sin resecar los labios',45.00,0.250,1.0,1.0,2.5,'2024-01-21 11:00:00','2024-01-21 11:00:00',7,4,'Labiales'),
	('LAB022',10,44,'Matte Maybelline','Super Stay','Labial con efecto matte intransferible hasta por 24 hr',
	'Deja un acabado matte sin resecar los labios',45.00,0.250,1.0,1.0,2.5,'2024-01-21 11:00:00','2024-01-21 11:00:00',7,4,'Labiales'),
	('LAB023',10,45,'Matte Maybelline','Super Stay','Labial con efecto matte intransferible hasta por 24 hr',
	'Deja un acabado matte sin resecar los labios',45.00,0.250,1.0,1.0,2.5,'2024-01-21 11:00:00','2024-01-21 11:00:00',7,4,'Labiales'),
	('GLI01',11,10,'Gliterally','Beauty Creations','Extra brillante, perfecto para looks elaborados',
	NULL,22.00,0.250,1.0,1.0,2.5,'2024-01-21 11:00:00','2024-01-21 11:00:00',7,4,'Glitter'),
	('GLI02',11,46,'Gliterally','Beauty Creations','Extra brillante, perfecto para looks elaborados',
	NULL,22.00,0.250,1.0,1.0,2.5,'2024-01-21 11:00:00','2024-01-21 11:00:00',7,4,'Glitter'),
	('GLI03',11,47,'Gliterally','Beauty Creations','Extra brillante, perfecto para looks elaborados',
	NULL,22.00,0.250,1.0,1.0,2.5,'2024-01-21 11:00:00','2024-01-21 11:00:00',7,4,'Glitter'),
	('GLI04',11,48,'Gliterally','Beauty Creations','Extra brillante, perfecto para looks elaborados',
	NULL,22.00,0.250,1.0,1.0,2.5,'2024-01-21 11:00:00','2024-01-21 11:00:00',7,4,'Glitter'),
	('GLI05',11,49,'Gliterally','Beauty Creations','Extra brillante, perfecto para looks elaborados',
	NULL,22.00,0.250,1.0,1.0,2.5,'2024-01-21 11:00:00','2024-01-21 11:00:00',7,4,'Glitter'),
	('GLI06',11,50,'Gliterally','Beauty Creations','Extra brillante, perfecto para looks elaborados',
	NULL,22.00,0.250,1.0,1.0,2.5,'2024-01-21 11:00:00','2024-01-21 11:00:00',7,4,'Glitter'),
	('GLI07',11,8,'Glitter Shock','Italia Deluxe','Con cobertura media a graduable, hidrata y matifica',
	'Para mayor cobertura aplicarlo con brocha biselada y compacta o lengua de gato',18.50,0.250,1.0,1.0,2.5,'2024-01-21 11:00:00','2024-01-21 11:00:00',7,4,'Glitter'),
	('GLI08',11,51,'Glitter Shock','Italia Deluxe','Con cobertura media a graduable, hidrata y matifica',
	'Para mayor cobertura aplicarlo con brocha biselada y compacta o lengua de gato',18.50,0.250,1.0,1.0,2.5,'2024-01-21 11:00:00','2024-01-21 11:00:00',7,4,'Glitter'),
	('GLI09',11,52,'Glitter Shock','Italia Deluxe','Con cobertura media a graduable, hidrata y matifica',
	'Para mayor cobertura aplicarlo con brocha biselada y compacta o lengua de gato',18.50,0.250,1.0,1.0,2.5,'2024-01-21 11:00:00','2024-01-21 11:00:00',7,4,'Glitter'),
	('GLI010',11,53,'Glitter Shock','Italia Deluxe','Con cobertura media a graduable, hidrata y matifica',
	'Para mayor cobertura aplicarlo con brocha biselada y compacta o lengua de gato',18.50,0.250,1.0,1.0,2.5,'2024-01-21 11:00:00','2024-01-21 11:00:00',7,4,'Glitter'),
	('DEL01',12,4,'Delineador Líquido PROSA','Prosa','4 en 1 Prosa, tiene la punta súper delgada para crear diseños increíbles',
	'El color negro resalta los ojos y ayuda a crear un look perfecto',26.50,0.120,1.0,1.0,2.5,'2024-01-21 11:00:00','2024-01-21 11:00:00',9,4,'Delineadores'),
	('DEL02',13,2,'Ultrafine Lipliner','Italia Deluxe','Cremosos y fácil de trazar, perfectos para voluminizar los labios',
	'También se puede usar en los ojos',7.00,0.120,1.0,1.0,2.5,'2024-01-21 11:00:00','2024-01-21 11:00:00',10,4,'Delineadores'),
	('DEL03',13,5,'Ultrafine Lipliner','Italia Deluxe','Cremosos y fácil de trazar, perfectos para voluminizar los labios',
	'También se puede usar en los ojos',7.00,0.120,1.0,1.0,2.5,'2024-01-21 11:00:00','2024-01-21 11:00:00',10,4,'Delineadores'),
	('DEL04',13,54,'Ultrafine Lipliner','Italia Deluxe','Cremosos y fácil de trazar, perfectos para voluminizar los labios',
	'También se puede usar en los ojos',7.00,0.120,1.0,1.0,2.5,'2024-01-21 11:00:00','2024-01-21 11:00:00',10,4,'Delineadores'),
	('DEL05',13,55,'Ultrafine Lipliner','Italia Deluxe','Cremosos y fácil de trazar, perfectos para voluminizar los labios',
	'También se puede usar en los ojos',7.00,0.120,1.0,1.0,2.5,'2024-01-21 11:00:00','2024-01-21 11:00:00',10,4,'Delineadores'),
	('DEL06',13,56,'Ultrafine Lipliner','Italia Deluxe','Cremosos y fácil de trazar, perfectos para voluminizar los labios',
	'También se puede usar en los ojos',7.00,0.120,1.0,1.0,2.5,'2024-01-21 11:00:00','2024-01-21 11:00:00',10,4,'Delineadores'),
	('DEL07',13,57,'Ultrafine Lipliner','Italia Deluxe','Cremosos y fácil de trazar, perfectos para voluminizar los labios',
	'También se puede usar en los ojos',7.00,0.120,1.0,1.0,2.5,'2024-01-21 11:00:00','2024-01-21 11:00:00',10,4,'Delineadores'),
	('DEL08',13,58,'Ultrafine Lipliner','Italia Deluxe','Cremosos y fácil de trazar, perfectos para voluminizar los labios',
	'También se puede usar en los ojos',7.00,0.120,1.0,1.0,2.5,'2024-01-21 11:00:00','2024-01-21 11:00:00',10,4,'Delineadores'),
	('DEL09',13,11,'Ultrafine Lipliner','Italia Deluxe','Cremosos y fácil de trazar, perfectos para voluminizar los labios',
	'También se puede usar en los ojos',7.00,0.120,1.0,1.0,2.5,'2024-01-21 11:00:00','2024-01-21 11:00:00',10,4,'Delineadores'),
	('DEL010',13,59,'Ultrafine Lipliner','Italia Deluxe','Cremosos y fácil de trazar, perfectos para voluminizar los labios',
	'También se puede usar en los ojos',7.00,0.120,1.0,1.0,2.5,'2024-01-21 11:00:00','2024-01-21 11:00:00',10,4,'Delineadores'),
	('DEL011',13,60,'Ultrafine Lipliner','Italia Deluxe','Cremosos y fácil de trazar, perfectos para voluminizar los labios',
	'También se puede usar en los ojos',7.00,0.120,1.0,1.0,2.5,'2024-01-21 11:00:00','2024-01-21 11:00:00',10,4,'Delineadores'),
	('DEL012',13,61,'Ultrafine Lipliner','Italia Deluxe','Cremosos y fácil de trazar, perfectos para voluminizar los labios',
	'También se puede usar en los ojos',7.00,0.120,1.0,1.0,2.5,'2024-01-21 11:00:00','2024-01-21 11:00:00',10,4,'Delineadores'),
	('RIM01',14,4,'Maxi Volumen Silicón PROSA','Prosa','Aporta un volumen intenso recreando pestañas pobladas y abundantes',
	NULL,30.00,0.120,1.0,1.0,2.5,'2024-01-21 11:00:00','2024-01-21 11:00:00',7,4,'Rimels'),
	('RIM02',15,4,'Profesional PROSA','Prosa','Aporta demasiada longitud, perfecta para pestañas cortas',
	NULL,30.00,0.120,1.0,1.0,2.5,'2024-01-21 11:00:00','2024-01-21 11:00:00',7,4,'Rimels'),
	('RIM03',15,4,'Micro Fibra PROSA','Prosa','Genera un efecto de pestañas más pobladas',
	'Su micro fibra crea y extiende las pestañas',30.00,0.120,1.0,1.0,2.5,'2024-01-21 11:00:00','2024-01-21 11:00:00',7,4,'Rimels'),
	('RIM04',16,11,'Máscara Marrón PROSA','Prosa','4 en 1 con fórmula alargadora de pestañas que aporta longitud y cuidado',
	NULL,28.00,0.120,1.0,1.0,2.5,'2024-01-21 11:00:00','2024-01-21 11:00:00',10,4,'Rimels'),
	('CUA01',17,5,'Bear Notebook','Looes-Leaf','Cuaderno B5 con 60 hojas rayadas',
	'Incluye gratis un repuesto de 60 hojas',20.00,0.450,12.0,18.0,1.5,'2024-01-21 11:00:00','2024-01-21 11:00:00',12,4,'Cuadernos'),
	('CUA02',18,5,'Repuesto B5','Looes-Leaf','Contiene 60 hojas',NULL,5.00,0.450,12.0,18.0,1.5,'2024-01-21 11:00:00','2024-01-21 11:00:00',15,4,'Cuadernos'),
	('CUA03',19,5,'Repuesto B5','Looes-Leaf','Contiene 60 hojas',NULL,5.00,0.450,12.0,18.0,1.5,'2024-01-21 11:00:00','2024-01-21 11:00:00',15,4,'Cuadernos'),
	('CUA04',20,5,'Repuesto B5','Looes-Leaf','Contiene 60 hojas',NULL,5.00,0.450,12.0,18.0,1.5,'2024-01-21 11:00:00','2024-01-21 11:00:00',15,4,'Cuadernos'),
	('CUA05',23,5,'Repuesto A4','Looes-Leaf','Contiene 60 hojas',NULL,6.50,0.450,12.0,18.0,1.5,'2024-01-21 11:00:00','2024-01-21 11:00:00',15,4,'Cuadernos'),
	('CUA06',24,5,'Repuesto A4','Looes-Leaf','Contiene 60 hojas',NULL,6.50,0.450,12.0,18.0,1.5,'2024-01-21 11:00:00','2024-01-21 11:00:00',15,4,'Cuadernos'),
	('CUA07',25,5,'Repuesto A4','Looes-Leaf','Contiene 60 hojas',NULL,6.50,0.450,12.0,18.0,1.5,'2024-01-21 11:00:00','2024-01-21 11:00:00',15,4,'Cuadernos'),
	('LAP01',21,4,'Diamond Pen','Diamond','Lapicero de tinta negra y punta 0.05mm','Incluye protector',6.50,0.200,1.0,1.0,7.0,'2024-01-21 11:00:00','2024-01-21 11:00:00',10,4,'Lapiceros'),
	('LAP02',21,4,'Cat Pen','Diamond','Lapicero de tinta negra y punta 0.05mm',NULL,5.80,0.200,1.0,1.0,7.0,'2024-01-21 11:00:00','2024-01-21 11:00:00',15,4,'Lapiceros'),
	('LAP03',21,4,'Topping Pen','Diamond','Lapicero de tinta negra y punta 0.05mm','Incluye protector y tops',6.50,0.200,1.0,1.0,7.0,'2024-01-21 11:00:00','2024-01-21 11:00:00',10,4,'Lapiceros'),
	('LAP04',21,4,'Cake Pen','Diamond','Lapicero de tinta negra y punta 0.05mm',NULL,5.50,0.200,1.0,1.0,7.0,'2024-01-21 11:00:00','2024-01-21 11:00:00',10,4,'Lapiceros'),
	('LAP05',22,4,'Little Bunny Cutter','Diamond','Lapicero cutter más ligero',NULL,6.50,0.200,1.0,1.0,7.0,'2024-01-21 11:00:00','2024-01-21 11:00:00',10,4,'Lapiceros'),
	('LAP06',21,4,'Muffin Pen','Diamond','Lapicero de tinta negra y punta 0.05mm',NULL,5.50,0.200,1.0,1.0,7.0,'2024-01-21 11:00:00','2024-01-21 11:00:00',10,4,'Lapiceros'),
	('LAP07',21,4,'Pinkroll Pen','Diamond','Lapicero de tinta negra y punta 0.05mm',NULL,6.00,0.200,1.0,1.0,7.0,'2024-01-21 11:00:00','2024-01-21 11:00:00',10,4,'Lapiceros'),
	('LAP08',21,4,'Vintpink Cat Pen','Diamond','Lapicero de tinta negra y punta 0.05mm',NULL,6.00,0.200,1.0,1.0,7.0,'2024-01-21 11:00:00','2024-01-21 11:00:00',10,4,'Lapiceros'),
	('LAP09',21,4,'Bunnycake Pen','Diamond','Lapicero de tinta negra y punta 0.05mm',NULL,6.00,0.200,1.0,1.0,7.0,'2024-01-21 11:00:00','2024-01-21 11:00:00',10,4,'Lapiceros');

INSERT INTO ProductoxProveedor VALUES
	('21012345678','PAL01',59.50,NULL,NULL),('21012345678','PAL02',59.50,NULL,NULL),('21012345678','PAL03',38.50,NULL,NULL),('21012345678','PAL04',52.50,NULL,NULL),
	('21012345678','PRI01',20.00,NULL,NULL),
	('21012345678','POL01',38.50,NULL,NULL),('21012345678','POL02',31.50,NULL,NULL),('21012345678','POL03',31.50,NULL,NULL),('21012345678','POL04',31.50,NULL,NULL),
	('21012345678','COR01',11.20,9.00,15),('21012345678','COR02',11.20,9.00,15),('21012345678','COR03',11.20,9.00,15),('21012345678','COR04',20.00,15.00,15),
	('21012345678','RUB01',12.00,NULL,NULL),('21012345678','RUB02',12.00,NULL,NULL),('21012345678','RUB03',12.00,NULL,NULL),('21012345678','RUB04',12.00,NULL,NULL),
	('21012345678','RUB05',21.00,NULL,NULL),('21012345678','RUB06',21.00,NULL,NULL),('21012345678','RUB08',21.00,NULL,NULL),('21012345678','RUB09',11.00,NULL,NULL),
	('21012345678','RUB010',11.00,NULL,NULL),('21012345678','RUB011',11.00,NULL,NULL),('21012345678','RUB012',11.00,NULL,NULL),
	('22890123456','LAB01',17.50,15.00,10),('22890123456','LAB02',17.50,15.00,10),('22890123456','LAB03',17.50,15.00,10),('22890123456','LAB04',17.50,15.00,10),
	('22890123456','LAB05',17.50,15.00,10),('22890123456','LAB06',17.50,15.00,10),('22890123456','LAB07',17.50,15.00,10),('22890123456','LAB08',33.00,30.00,15),
	('22890123456','LAB09',33.00,30.00,15),('22890123456','LAB010',33.00,30.00,15),('22890123456','LAB011',33.00,30.00,15),('22890123456','LAB012',33.00,30.00,15),
	('22890123456','LAB013',33.00,30.00,15),('22890123456','LAB014',33.00,30.00,15),('22890123456','LAB015',32.00,NULL,NULL),('22890123456','LAB016',32.00,NULL,NULL),
	('22890123456','LAB017',32.00,NULL,NULL),('22890123456','LAB018',32.00,NULL,NULL),('22890123456','LAB019',32.00,NULL,NULL),('22890123456','LAB020',32.00,NULL,NULL),
	('22890123456','LAB021',32.00,NULL,NULL),('22890123456','LAB022',32.00,NULL,NULL),('22890123456','LAB023',32.00,NULL,NULL),
	('22890123456','GLI01',15.00,NULL,NULL),('22890123456','GLI02',15.00,NULL,NULL),('22890123456','GLI03',15.00,NULL,NULL),('22890123456','GLI04',15.00,NULL,NULL),
	('22890123456','GLI05',15.00,NULL,NULL),('22890123456','GLI06',15.00,NULL,NULL),('22890123456','GLI07',13.00,NULL,NULL),('22890123456','GLI08',13.00,NULL,NULL),
	('22890123456','GLI09',13.00,NULL,NULL),('22890123456','GLI010',13.00,NULL,NULL),('22890123456','DEL01',19.00,NULL,NULL),('22890123456','DEL02',5.00,NULL,NULL),
	('22890123456','DEL03',5.00,NULL,NULL),('22890123456','DEL04',5.00,NULL,NULL),('22890123456','DEL05',5.00,NULL,NULL),('22890123456','DEL06',5.00,NULL,NULL),
	('22890123456','DEL07',5.00,NULL,NULL),('22890123456','DEL08',5.00,NULL,NULL),('22890123456','DEL09',5.00,NULL,NULL),('22890123456','DEL010',5.00,NULL,NULL),
	('22890123456','DEL011',5.00,NULL,NULL),('22890123456','DEL012',5.00,NULL,NULL),
	('22890123456','RIM01',21.00,NULL,NULL),('22890123456','RIM02',21.00,NULL,NULL),('22890123456','RIM03',21.00,NULL,NULL),('22890123456','RIM04',19.00,NULL,NULL),
	('20603302151','CUA01',14.00,NULL,NULL),('20603302151','CUA02',3.50,NULL,NULL),('20603302151','CUA03',3.50,NULL,NULL),('20603302151','CUA04',3.50,NULL,NULL),
	('20603302151','CUA05',4.50,NULL,NULL),('20603302151','CUA06',4.50,NULL,NULL),('20603302151','CUA07',4.50,NULL,NULL),
	('20607504149','LAP01',6.50,4.50,10),('20607504149','LAP02',5.80,4.00,10),('20607504149','LAP03',6.50,4.50,10),('20607504149','LAP04',5.50,3.50,10),
	('20607504149','LAP05',6.50,4.50,10),
	('20789101234','LAP06',5.50,3.50,10),('20789101234','LAP07',6.00,4.00,10),('20789101234','LAP08',6.00,4.00,10),('20789101234','LAP09',6.00,4.00,10);

INSERT INTO Imagenes(path_imagen,largo_imagen,alto_imagen,profundidad_bits,id_producto) VALUES
	('./imagenes/Jasmine_Azul.png',500,500,24,'PAL01'),
	('./imagenes/Jasmine_Naranja.png',500,500,24,'PAL02'),
	('./imagenes/Tease_Me_Rosado.png',500,500,24,'PAL03'),	
	('./imagenes/Nude_X.png',500,500,24,'PAL04'),
	('./imagenes/Realeaf_Primer.png',500,500,24,'PRI01'),
	('./imagenes/Pink_Cloud.png',500,500,24,'POL01'),
	('./imagenes/Bye_Filter.png',500,500,24,'POL02'),
	('./imagenes/image.jpg',220,220,24,'POL03'),
	('./imagenes/image.jpg',220,220,24,'POL04'),
	('./imagenes/Corrector_HD_Pro.png',500,500,24,'COR01'),
	('./imagenes/image.jpg',220,220,24,'COR02'),
	('./imagenes/image.jpg',220,220,24,'COR03'),
	('./imagenes/Blur_Italia.png',500,500,24,'COR04'),
	('./imagenes/Rubor_Cheeky.png',500,500,24,'RUB01'),
	('./imagenes/image.jpg',220,220,24,'RUB02'),
	('./imagenes/image.jpg',220,220,24,'RUB03'),
	('./imagenes/image.jpg',220,220,24,'RUB04'),
	('./imagenes/Stay_Blushing.png',500,500,24,'RUB05'),
	('./imagenes/image.jpg',220,220,24,'RUB06'),
	('./imagenes/image.jpg',220,220,24,'RUB07'),
	('./imagenes/image.jpg',220,220,24,'RUB08'),
	('./imagenes/Rubor_Crema.png',500,500,24,'RUB09'),
	('./imagenes/image.jpg',220,220,24,'RUB010'),
	('./imagenes/image.jpg',220,220,24,'RUB011'),
	('./imagenes/image.jpg',220,220,24,'RUB012'),
	('./imagenes/Matte_Mousse.png',500,500,24,'LAB01'),
	('./imagenes/image.jpg',220,220,24,'LAB02'),
	('./imagenes/image.jpg',220,220,24,'LAB03'),
	('./imagenes/image.jpg',220,220,24,'LAB04'),
	('./imagenes/image.jpg',220,220,24,'LAB05'),
	('./imagenes/image.jpg',220,220,24,'LAB06'),
	('./imagenes/image.jpg',220,220,24,'LAB07'),
	('./imagenes/Vinyl_Ink.png',500,500,24,'LAB08'),
	('./imagenes/image.jpg',220,220,24,'LAB09'),
	('./imagenes/image.jpg',220,220,24,'LAB010'),
	('./imagenes/image.jpg',220,220,24,'LAB011'),
	('./imagenes/image.jpg',220,220,24,'LAB012'),
	('./imagenes/image.jpg',220,220,24,'LAB013'),
	('./imagenes/image.jpg',220,220,24,'LAB014'),
	('./imagenes/Stay_Matte.png',500,500,24,'LAB015'),
	('./imagenes/image.jpg',220,220,24,'LAB016'),
	('./imagenes/image.jpg',220,220,24,'LAB017'),
	('./imagenes/image.jpg',220,220,24,'LAB018'),
	('./imagenes/image.jpg',220,220,24,'LAB019'),
	('./imagenes/image.jpg',220,220,24,'LAB020'),
	('./imagenes/image.jpg',220,220,24,'LAB021'),
	('./imagenes/image.jpg',220,220,24,'LAB022'),
	('./imagenes/image.jpg',220,220,24,'LAB023'),
	('./imagenes/Gliterally.png',500,500,24,'GLI01'),
	('./imagenes/image.jpg',220,220,24,'GLI02'),
	('./imagenes/image.jpg',220,220,24,'GLI03'),
	('./imagenes/image.jpg',220,220,24,'GLI04'),
	('./imagenes/image.jpg',220,220,24,'GLI05'),
	('./imagenes/image.jpg',220,220,24,'GLI06'),
	('./imagenes/Glitter_Shock.png',560,562,24,'GLI07'),
	('./imagenes/image.jpg',220,220,24,'GLI08'),
	('./imagenes/image.jpg',220,220,24,'GLI09'),
	('./imagenes/image.jpg',220,220,24,'GLI010'),
	('./imagenes/Delineador_Liquido.png',500,500,24,'DEL01'),
	('./imagenes/Ultrafine_Lipliner.png',500,500,24,'DEL02'),
	('./imagenes/image.jpg',220,220,24,'DEL03'),
	('./imagenes/image.jpg',220,220,24,'DEL04'),
	('./imagenes/image.jpg',220,220,24,'DEL05'),
	('./imagenes/image.jpg',220,220,24,'DEL06'),
	('./imagenes/image.jpg',220,220,24,'DEL07'),
	('./imagenes/image.jpg',220,220,24,'DEL08'),
	('./imagenes/image.jpg',220,220,24,'DEL09'),
	('./imagenes/image.jpg',220,220,24,'DEL010'),
	('./imagenes/image.jpg',220,220,24,'DEL011'),
	('./imagenes/image.jpg',220,220,24,'DEL012'),
	('./imagenes/Maxi_Volumen.png',500,500,24,'RIM01'),
	('./imagenes/Profesional_Prosa.png',500,500,24,'RIM02'),
	('./imagenes/Micro_Fibra.png',500,500,24,'RIM03'),
	('./imagenes/Mascara_Marron.png',500,500,24,'RIM04'),
	('./imagenes/Bear_Notebook.png',500,500,24,'CUA01'),
	('./imagenes/Repuesto_B5.png',500,500,24,'CUA02'),
	('./imagenes/image.jpg',460,470,24,'CUA03'),
	('./imagenes/image.jpg',460,470,24,'CUA04'),
	('./imagenes/Repuesto_A4.png',500,500,24,'CUA05'),
	('./imagenes/image.jpg',460,470,24,'CUA06'),
	('./imagenes/image.jpg',460,470,24,'CUA07'),	
	('./imagenes/Diamond_Pen.png',500,500,24,'LAP01'),
	('./imagenes/Cat_Pen.png',500,500,24,'LAP02'),
	('./imagenes/Topping_Pen.png',500,500,24,'LAP03'),
	('./imagenes/Cake_Pen.png',500,500,24,'LAP04'),
	('./imagenes/Little_Bunny.png',500,500,24,'LAP05'),
	('./imagenes/Muffin_Pen.png',500,500,24,'LAP06'),
	('./imagenes/Pinkroll_Pen.png',500,500,24,'LAP07'),
	('./imagenes/Vinpink_Pen.png',500,500,24,'LAP08'),
	('./imagenes/Bunnycake_Pen.png',500,500,24,'LAP09');

INSERT INTO Inventario(id_producto,entradas,salidas,seccion,id_stand,id_repisas,ultima_actualizacion) VALUES
	('PAL01',80,30,'A','E2','R5','2024-06-05 12:30:00'),
	('PAL02',70,20,'A','E2','R5','2024-06-05 12:30:00'),
	('PAL03',40,20,'A','E2','R6','2024-06-05 12:30:00'),
	('PAL04',40,30,'A','E2','R6','2024-06-05 12:30:00'),
	('PRI01',100,45,'B','E3','R9','2024-06-05 12:30:00'),
	('POL01',60,45,'B','E4','S7','2024-06-05 12:30:00'),
	('POL02',80,30,'B','E4','S7','2024-06-05 12:30:00'),
	('POL03',50,0,'B','E4','S7','2024-06-05 12:30:00'),
	('POL04',100,45,'B','E4','S7','2024-06-05 12:30:00'),
	('COR01',45,45,'B','E3','R8','2024-06-05 12:30:00'),
	('COR02',50,30,'B','E3','R8','2024-06-05 12:30:00'),
	('COR03',50,15,'B','E3','R8','2024-06-05 12:30:00'),
	('COR04',100,45,'B','E4','S8','2024-06-05 12:30:00'),
	('RUB01',30,20,'B','E5','P1','2024-06-05 12:30:00'),
	('RUB02',30,25,'B','E5','P1','2024-06-05 12:30:00'),
	('RUB03',30,15,'B','E5','P1','2024-06-05 12:30:00'),
	('RUB04',30,15,'B','E5','P1','2024-06-05 12:30:00'),
	('RUB05',30,25,'B','E5','P1','2024-06-05 12:30:00'),
	('RUB06',25,10,'B','E5','P1','2024-06-05 12:30:00'),
	('RUB07',25,10,'B','E5','P1','2024-06-05 12:30:00'),
	('RUB08',15,15,'B','E5','P1','2024-06-05 12:30:00'),
	('RUB09',30,15,'B','E5','P1','2024-06-05 12:30:00'),
	('RUB010',20,15,'B','E5','P1','2024-06-05 12:30:00'),
	('RUB011',20,15,'B','E5','P1','2024-06-05 12:30:00'),
	('RUB012',15,15,'B','E5','P1','2024-06-05 12:30:00'),
	('LAB01',20,10,'B','E3','S1','2024-06-05 12:30:00'),
	('LAB02',20,10,'B','E3','S1','2024-06-05 12:30:00'),
	('LAB03',20,10,'B','E3','S1','2024-06-05 12:30:00'),
	('LAB04',20,10,'B','E3','S1','2024-06-05 12:30:00'),
	('LAB05',20,10,'B','E3','S1','2024-06-05 12:30:00'),
	('LAB06',20,10,'B','E3','S1','2024-06-05 12:30:00'),
	('LAB07',20,10,'B','E3','S1','2024-06-05 12:30:00'),
	('LAB08',20,10,'B','E4','S6','2024-06-05 12:30:00'),
	('LAB09',20,10,'B','E4','S6','2024-06-05 12:30:00'),
	('LAB010',20,20,'B','E4','S6','2024-06-05 12:30:00'),
	('LAB011',20,10,'B','E4','S6','2024-06-05 12:30:00'),
	('LAB012',20,20,'B','E4','S6','2024-06-05 12:30:00'),
	('LAB013',20,10,'B','E4','S6','2024-06-05 12:30:00'),
	('LAB014',20,10,'B','E4','S6','2024-06-05 12:30:00'),
	('LAB015',10,6,'B','E4','S6','2024-06-05 12:30:00'),
	('LAB016',10,6,'B','E4','S6','2024-06-05 12:30:00'),
	('LAB017',10,6,'B','E4','S6','2024-06-05 12:30:00'),
	('LAB018',10,6,'B','E4','S6','2024-06-05 12:30:00'),
	('LAB019',10,6,'B','E4','S6','2024-06-05 12:30:00'),
	('LAB020',10,6,'B','E4','S6','2024-06-05 12:30:00'),
	('LAB021',10,6,'B','E4','S6','2024-06-05 12:30:00'),
	('LAB022',10,6,'B','E4','S6','2024-06-05 12:30:00'),
	('LAB023',10,6,'B','E4','S6','2024-06-05 12:30:00'),
	('GLI01',20,10,'B','E5','P2','2024-06-05 12:30:00'),
	('GLI02',20,10,'B','E5','P2','2024-06-05 12:30:00'),
	('GLI03',20,10,'B','E5','P2','2024-06-05 12:30:00'),
	('GLI04',20,20,'B','E5','P2','2024-06-05 12:30:00'),
	('GLI05',20,10,'B','E5','P2','2024-06-05 12:30:00'),
	('GLI06',20,10,'B','E5','P2','2024-06-05 12:30:00'),
	('GLI07',20,10,'B','E5','P2','2024-06-05 12:30:00'),
	('GLI08',20,10,'B','E5','P2','2024-06-05 12:30:00'),
	('GLI09',20,10,'B','E5','P2','2024-06-05 12:30:00'),
	('GLI010',20,10,'B','E5','P2','2024-06-05 12:30:00'),
	('DEL01',80,45,'B','E3','S2','2024-06-05 12:30:00'),
	('DEL02',20,15,'B','E4','S5','2024-06-05 12:30:00'),
	('DEL03',20,15,'B','E4','S5','2024-06-05 12:30:00'),
	('DEL04',20,15,'B','E4','S5','2024-06-05 12:30:00'),
	('DEL05',20,20,'B','E4','S5','2024-06-05 12:30:00'),
	('DEL06',20,20,'B','E4','S5','2024-06-05 12:30:00'),
	('DEL07',20,15,'B','E4','S5','2024-06-05 12:30:00'),
	('DEL08',20,15,'B','E4','S5','2024-06-05 12:30:00'),
	('DEL09',20,15,'B','E4','S5','2024-06-05 12:30:00'),
	('DEL010',20,15,'B','E4','S5','2024-06-05 12:30:00'),
	('DEL011',20,20,'B','E4','S5','2024-06-05 12:30:00'),
	('DEL012',20,15,'B','E4','S5','2024-06-05 12:30:00'),
	('RIM01',80,30,'A','E1','R3','2024-06-05 12:30:00'),
	('RIM02',80,30,'A','E2','R4','2024-06-05 12:30:00'),
	('RIM03',80,30,'B','E3','S3','2024-06-05 12:30:00'),
	('RIM04',80,30,'B','E4','S4','2024-06-05 12:30:00'),		
	('CUA01',150,53,'C','E6','P5','2024-06-05 12:30:00'),
	('CUA02',150,20,'C','E7','T1','2024-06-05 12:30:00'),
	('CUA03',150,20,'C','E7','T1','2024-06-05 12:30:00'),
	('CUA04',150,20,'C','E7','T1','2024-06-05 12:30:00'),
	('CUA05',150,20,'C','E7','T1','2024-06-05 12:30:00'),
	('CUA06',150,20,'C','E7','T1','2024-06-05 12:30:00'),
	('CUA07',150,20,'C','E7','T1','2024-06-05 12:30:00'),
	('LAP01',180,85,'D','E9','T7','2024-06-05 12:30:00'),
	('LAP02',180,85,'D','E9','T7','2024-06-05 12:30:00'),
	('LAP03',180,85,'D','E9','T6','2024-06-05 12:30:00'),
	('LAP04',180,85,'D','E9','T6','2024-06-05 12:30:00'),
	('LAP05',180,85,'D','F1','Q1','2024-06-05 12:30:00'),
	('LAP06',180,85,'D','F1','Q1','2024-06-05 12:30:00'),
	('LAP07',180,85,'D','F1','Q2','2024-06-05 12:30:00'),
	('LAP08',180,85,'D','F1','Q2','2024-06-05 12:30:00'),
	('LAP09',180,85,'D','E9','T5','2024-06-05 12:30:00');

INSERT INTO Zona(nombre_zona) VALUES
	('Cercado de Lima'),('Lima Moderna'),('Lima Sur'),('Lima Este'),
	('Lima Norte'),('Callao'),('Lima Oeste');

INSERT INTO Zona_distritos_principales	VALUES
	(1,'La Victoria',1,23),(1,'Lima Cercado',2,20),(1,'Breña',3,21),
	(2,'San Isidro',1,32),(2,'Surquillo',2,30),(2,'Miraflores',3,35),(2,'Barranco',4,38),
	(3,'Santiago de Surco',1,42),(3,'San Borja',2,35),(3,'Chorrillos',3,45),(3,'Villa El Salvador',4,53),(3,'Villa María del Triunfo',5,48),
	(4,'San Juan de Lurigancho',1,8),(4,'El Agustino',2,12),(4,'Santa Anita',3,18),(4,'Ate',4,23),(4,'La Molina',5,30),
	(5,'Comas',1,30),(5,'Independencia',2,27),(5,'Los Olivos',3,33),(5,'San Martín de Porres',4,30),(5,'Puente Piedra',5,45),
	(6,'Carmen de la Legua Reynoso',1,27),(6,'Bellavista',2,26),(6,'La Perla',3,29),(6,'Callao',4,33),(6,'La Punta',5,38),
	(7,'Jesús María',1,21),(7,'Pueblo Libre',2,20),(7,'Magdalena del Mar',3,24),(7,'San Miguel',4,21);

INSERT INTO Area VALUES
	('CM','Compras','Adquirir bienes y servicios de calidad al mejor precio posible, asegurando que los materiales necesarios estén disponibles cuando se necesitan'),
	('VT','Ventas','Lograr que los productos o servicio lleguen a los clientes, satisfaciendo sus necesidades y expectativas, y así mantener la rentabilidad y el crecimiento de la empresa'),
	('AM','Almacén','Gestión eficiente de los inventarios, garantizando que los productos se reciban, almacenen y distribuyan adecuadamente para satisfacer las necesidades de producción y de los clientes'),
	('DT','Distribucion','Gestionar el transporte y la entrega de bienes desde los almacenes hasta los puntos de venta, clientes finales o centros de distribución'),
	('FZ','Finanzas','Control de los recursos financieros, toma de decisiones estratégicas que afectan la salud financiera y el crecimiento de la organización'),
	('MK','Marketing','Generar demanda y promover los productos y servicio en el mercado'),
	('CR','CRM','Optimizar la interacción con los clientes actuales y potenciales para mejorar la satisfacción del cliente, fomentar la fidelidad y aumentar las ventas');

INSERT INTO Estado_Cliente VALUES
	('A','Activo'),('C','No concurrente'),('F','Falta pago'),('I','Incomunicado');

INSERT INTO Rol VALUES
	('GCM', 'Gestor de compras',3),
	('GVT', 'Gestor de ventas',3),
	('GAM', 'Gestor de almacén',3),
	('GDT', 'Gestor de distribución',3),
	('GFZ', 'Gestor de finanzas',3),
	('GMK', 'Gestor de marketing',3),		
	('GCR', 'Gestor de CRM',3),
	('EPC', 'Empleado de compras',2),
	('EPV', 'Empleado de ventas',2),
	('EPA', 'Empleado de almacén',2),
	('EPD', 'Empleado de distribución',2),
	('APD','Auxiliar de distribución',1),
	('EPF', 'Empleado de finanzas',2),
	('EPM', 'Empleado de marketing',2),
	('EPR', 'Empleado de CRM',2),
	('CLI','Cliente',1),
	('IVT','Invitado',0);

INSERT INTO Persona VALUES
('10001','María','Gonzales','Ramirez','1991-08-23','F','pilar.gonzales@gmail.com','989962135','GCM'),
('10002','Juan','Quispe','Villaverde','1984-12-15','M','juan.quispe@gmail.com','917962075','GVT'),
('10003','Manuel','Ramirez','Herberth','1993-04-05','M','manuel.ramirez@gmail.com','912963139','GAM'),
('10004','Camila','Hidalgo','Laureano','1995-05-10','F','camila.hidalgo@gmail.com','939702107','GDT'),
('10005','Steven','Gutierrez','Calderon','1987-07-29','M','steven.gutierrez@gmail.com','940167800','GFZ'),
('10006','Ariana','Del Rio','Rojas','1985-09-13','F','ariana.delrio@gmail.com','900137156','GMK'),
('10007','Sandra','Calderon','Sosaya','1990-11-07','F','sandra.calderon@gmail.com','921900178','GCR'),
('20001','Ana María','Gómez','López','1995-08-23','F','ana.gomez@gmail.com','912345678','EPC'),
('20002','Carlos Alberto','Pérez','Rodríguez','1997-12-15','M','carlos.perez@gmail.com','923456789','EPV'),
('20003','Laura Isabel','Martínez','García','1996-04-05','F','laura.martinez@gmail.com','934567890','EPA'),
('20004','Luis Fernando','Hernández','Ruiz','1999-05-10','M','luis.hernandez@gmail.com','945678901','EPD'),
('20005','María José','Sánchez','Fernández','2000-07-29','F','maria.sanchez@gmail.com','956789012','EPF'),
('20006','Pedro Antonio','Ramírez','González','1998-09-13','M','pedro.ramirez@gmail.com','967890123','EPM'),
('20007','Lucía Beatriz','Torres','Mendoza','1993-11-07','F','lucia.torres@gmail.com','978901234','EPR'),
('30001','Sofía María','Gómez','López','2002-04-23','F','sofia.maria.gomez@gmail.com','915300678','CLI'),
('30002','Rosa Elena','Pérez','Rodríguez','1990-12-15','F','rosa.elena.perez@gmail.com','923477780','CLI'),
('30003','María Isabel','Martínez','García','1985-07-29','F','maria.isabel.martinez@gmail.com','933067891','CLI'),
('30004','Patricia Fernanda','Hernández','Ruiz','1997-01-10','F','patricia.fernanda.hernandez@gmail.com','945646281','CLI'),
('30005','Sandra Cecilia','Morales','Castro','2001-05-22','F','sandra.cecilia.morales@gmail.com','904189033','CLI'),
('30006','Juan Carlos','Ramírez','González','1988-08-19','M','juan.carlos.ramirez@gmail.com','957060085','CLI'),
('30007','Carlos Alberto','Jiménez','Rojas','1974-03-30','M','carlos.alberto.jimenez@gmail.com','931466508','CLI'),
('30008','David Fernando','Sánchez','Fernández','1979-09-13','M','david.fernando.sanchez@gmail.com','900798400','CLI'),
('30009','Eduardo Javier','Torres','Mendoza','1995-10-25','M','eduardo.javier.torres@gmail.com','935211795','CLI'),
('40001','Juan','Perez','González','1990-05-20','M','juan_perez@gmail.com','987654321','APD'),
('40002','María','Quispe','Romero','2001-09-17','F','maria_quispe@gmail.com','964004323','APD'),
('40003','Luis','Fernández','Díaz','1992-11-02','M','luis_fernandez@gmail.com','931027664','APD'),
('40004','Ana','Martínez','Sánchez','1991-03-18','F','ana_martinez@gmail.com','901455771','APD'),
('40005','Carlos','Zuñiga','Bolivar','2003-08-25','M','carlos_boliar@gmail.com','970133265','APD');
	
INSERT INTO Gestor(id_persona,nombre_usuario,contraseña_trabajador,fecha_ingreso,cod_area) VALUES
	('10001','mariagonzales','Pass1234','2023-03-15','CM'),
	('10002','juanquispe','Ju4nP@ss','2023-12-10','VT'),
	('10003','manuelramirez','M4nuel$12','2023-04-05','AM'),
	('10004','camilahidalgo','C@m1la456','2023-03-20','DT'),
	('10005','stevengutierrez','St3ven#89','2023-08-22','FZ'),
	('10006','arianadelrio','Ari@na789','2023-11-17','MK'),
	('10007','sandracalderon','S@ndrA234','2023-03-25','CR');
INSERT INTO Gestor(id_persona,nombre_usuario,contraseña_trabajador,fecha_ingreso,id_gestor) VALUES
	('20001','anamariagomez','An@M4r1a','2024-03-01','10001'),
	('20002','carlosalberto','C@rlos789','2024-01-15','10002'),
	('20003','lauraisabel','L@urA456','2023-12-30','10003'),
	('20004','luisfernando','Lu1sF3rn@','2024-01-10','10004'),
	('20005','mariajosé','M@r14Jos3','2024-03-05','10005'),
	('20006','pedroantonio','P3dr0Ant0','2023-11-25','10006'),
	('20007','luciabeatriz','LuC14B#tr1z','2024-02-05','10007');

INSERT INTO Cliente VALUES
	('30001','sofia.gomez','S0f1aP@ss','2024-01-15','2024-06-10 9:15:00','A'),
	('30002','rosa.perez','R0s@El3n@','2023-12-05','2024-05-14 15:45:00','C'),
	('30003','maria.martinez','M@r1a123','2024-03-22','2024-06-01 11:30:00','A'),
	('30004','patricia.hernandez','P@tr1c14F','2023-11-20','2024-05-25 20:00:00','A'),
	('30005','sandra.morales','S@ndr4C3c','2024-02-10','2024-05-30 8:45:00','A'),
	('30006','juan.ramirez','Ju@nC@rl0s','2024-04-01','2024-05-05 14:00:00','I'),
	('30007','carlos.jimenez','C@rl0sA1b','2023-12-25','2024-05-09 18:30:00','C'),
	('30008','david.sanchez','D@v1dF3rn','2024-01-30','2024-06-12 10:15:00','A'),
	('30009','eduardo.torres','EdJ@v1erT','2024-02-20','2024-03-08 21:30:00','I');

INSERT INTO Direccion_Cliente (departamento, provincia, distrito, direccion, numero_direccion, tipo_vivienda, numero_departamento, referencia, id_zona) VALUES
    ('Lima','Lima','La Victoria','Av. México',1234,'D',101,'Frente al parque',1),
    ('Lima','Lima','Lima Cercado','Jr. de la Unión',567,'C',NULL,NULL,1),
    ('Lima','Lima','Breña','Av. Arica',890,'C',NULL,'Cerca del colegio',1),
    ('Lima','Lima','San Isidro','Av. Javier Prado',123,'D',301,'Junto al supermercado',2),    
    ('Lima','Lima','Miraflores','Av. Pardo y Aliaga',789,'D',401,NULL,2),
    ('Lima','Lima','San Borja','Av. San Luis',987,'C',NULL,NULL,3),
    ('Lima','Lima','Chorrillos','Av. Defensores del Morro',135,'C',NULL,'Frente al mercado',3),
    ('Lima','Lima','San Juan de Lurigancho','Av. Próceres de la Independencia',791,'D',701,'Cerca de la estación',4),
    ('Lima','Lima','El Agustino','Av. Riva Agüero',246,'C',NULL,'Junto al hospital',4);

INSERT INTO ClientexDireccion_Cliente VALUES
	('30001',1),('30002',2),('30003',3),('30004',4),('30005',5),
	('30006',6),('30007',7),('30008',8),('30009',9);

INSERT INTO Estado_Repartidor VALUES
	('A','Libre'),('B','En Tránsito'),('C','En Retorno'),('D','Descanso');

INSERT INTO Repartidor VALUES
	('40001','juan_perez','contraseña123','2023-12-03','Motocicleta','Rojo','ABC-234','MOT1234567','A'),
	('40002','maria_quispe','segura456','2024-01-15','Motocicleta','Negro','DEF-678','CAR8765432','A'),
	('40003','luis_fernandez','clave789','2024-01-15','Motocicleta','Negro','GHI-101','MOT6543210','A'),
	('40004','ana_martinez','password321','2024-03-03','Motocicleta','Gris','JKL-345','CAR5432109','A'),
	('40005','carlos_zuñiga','contraseña654','2024-03-04','Motocicleta','Negro','MNO-789','MOT3210987','A');

INSERT INTO RepartidorxZona VALUES
	('40001',3),('40002',3),('40003',4),('40004',1),('40005',2);

INSERT INTO Tipo_Movimiento(nombre_movimiento) VALUES
	('Salida Entrega'),('Salida Despacho'),('Salida Envío'),('Entrada Recepción'),('Entrada Devolución');

INSERT INTO Estado_Compra VALUES
	('A','En Proceso'),('B','Pendiente'),('C','Cancelada'),('D','Devuelta');

INSERT INTO ClientexProducto VALUES
	('30003','COR01',1,'2024-06-17 11:00:00','2024-06-17 11:24:00','C'),
	('30003','RUB03',1,'2024-06-17 11:05:00','2024-06-17 11:24:00','C'),
	('30003','LAB01',2,'2024-06-17 11:11:00','2024-06-17 11:24:00','C');

INSERT INTO Estado_Venta VALUES
	('A','Pendiente'),('B','Enviada'),('C','Confirmada'),
	('D','En Proceso'),('E','En Trayecto'),('X','Entregada'),('F','Fallida');

INSERT INTO Tipo_Pago VALUES
	('D','Tarjeta de Débito'),('C','Tarjeta de Crédito'),('E','Efectivo'),
	('A','Contra Entrega'),('Y','Yape'),('P','Plin');

INSERT INTO Cupon VALUES
	('CUP001','Descuento por primera compra','2024-06-01','2024-07-01',0.3,'TRUE'),
	('CUP002','Descuento en el envío','2024-02-01','2024-03-01',0.2,'FALSE'),
	('CUP003','Descuento por referidos','2024-03-15','2024-03-30',0.1,'FALSE'),
	('CUP004','Descuento de fiestas patrias','2024-07-24','024-07-30',0.2,'TRUE'),
	('CUP005','Descuento por black friday','2024-05-17','2024-06-19',0.4,'FALSE');

INSERT INTO Venta VALUES
	('V0001','CUP001','30003','2024-06-17 11:35:00',58.45,'D','1111222233334444','Dejarlo en recepción por favor','C');

INSERT INTO Estado_Pedido VALUES
	('L','Leído'),('P','En Preparación'),('id_tipo_entrega,fecha_entrega,id_estado_pedido,cod_venta,id_persona,id_repartidorD','Despachado'),('R','Retornado');

INSERT INTO Tipo_Entrega VALUES
	('A','Domicilio'),('B','Recojo'),('C','Envío');

INSERT INTO Pedido(id_pedido,id_tipo_entrega,fecha_entrega,id_estado_pedido,cod_venta,id_persona,id_repartidor) VALUES
	('PD0001','A','2024-07-01','L','V0001','30003','40004');

INSERT INTO Estado_Cotizacion VALUES
	('A','Aceptado'),('N','No Aceptado'),('P','Pendiente');

INSERT INTO Cotizacion VALUES
	('C000123','2024-05-27 12:30:00','2024-06-12','20607504149','N'),
	('COT0079','2024-07-08 16:40:00','2024-06-30','21012345678','P');

INSERT INTO CotizacionxProducto VALUES
	('C000123','RUB02',15,15.50),('C000123','RUB03',18,15.50),
	('C000123','RUB04',15,15.50),('COT0079','LAP01',10,3.80),
	('COT0079','LAP02',10,3.80);

INSERT INTO Tipo_Factura VALUES
	('111','Compra'),('112','Ventas'),('113','Gasto');

INSERT INTO Estado_Factura(estado) VALUES
	('Pagado'),('No Pagado'),('Falta Pagar');

INSERT INTO Factura VALUES
	(202249,'2023-04-30','2023-05-16',250.00,NULL,'30001','112',2),
	(202374,'2023-06-28','2023-07-05',270.00,NULL,'30002','112',1),
	(202273,'2023-11-10','2023-11-30',149.50,NULL,'30003','112',3),
	(202209,'2024-04-15','2024-05-14',54.00,NULL,'30004','112',2),
	(202275,'2024-02-14','2024-02-26',304.00,NULL,'30005','112',1),
	(202265,'2023-05-04','2023-05-26',253.00,NULL,'30006','112',3),
	(202372,'2024-02-16','2024-02-29',110.00,NULL,'30007','112',1),
	(202266,'2023-01-18','2023-01-25',202.00,NULL,'30008','112',2),
	(202306,'2023-12-30','2024-01-23',155.00,NULL,'30009','112',2),
	(202213,'2023-06-03','2023-06-12',207.00,NULL,'30003','112',2),
	(202337,'2023-09-04','2023-09-17',134.00,NULL,'30004','112',1),
	(202361,'2024-04-16','2024-04-25',89.50,NULL,'30005','112',1),
	(202255,'2023-05-19','2023-06-18',176.00,NULL,'30006','112',3),
	(202370,'2024-01-05','2024-01-29',224.50,NULL,'30001','112',3),
	(202301,'2023-03-19','2023-03-27',128.00,NULL,'30002','112',1),
	(202321,'2023-07-02','2023-07-19',95.00,NULL,'30003','112',3),
	(202390,'2023-05-22','2023-06-18',145.50,NULL,'30004','112',1),
	(202350,'2023-02-01','2023-03-02',75.00,NULL,'30005','112',1),
	(202378,'2023-10-31','2023-11-26',144.00,NULL,'30006','112',2),
	(202343,'2023-03-19','2023-04-04',344.50,NULL,'30007','112',2),
	(202315,'2023-01-21','2023-02-16',162.50,NULL,'30008','112',1),
	(202307,'2023-06-16','2023-07-11',164.00,NULL,'30009','112',1),
	(202379,'2023-11-26','2023-12-08',244.00,NULL,'30003','112',1),
	(202358,'2023-01-12','2023-01-19',129.50,NULL,'30006','112',2),
	(202362,'2023-11-16','2023-12-04',50.00,NULL,'30001','112',1),
	(202230,'2024-02-14','2024-02-28',49.00,NULL,'30002','112',3),
	(202240,'2023-11-05','2023-11-24',290.00,NULL,'30003','112',1),
	(202344,'2023-03-01','2023-03-20',195.00,NULL,'30001','112',1),
	(202320,'2024-05-16','2024-06-05',102.00,NULL,'30002','112',1),
	(202253,'2023-04-14','2023-05-01',118.00,NULL,'30003','112',3),
	(202260,'2023-04-18','2023-05-05',101.50,NULL,'30004','112',1),
	(202237,'2023-08-27','2023-09-05',116.00,NULL,'30005','112',1),
	(202385,'2023-04-06','2023-04-24',123.00,NULL,'30006','112',3),
	(202211,'2024-03-11','2024-04-08',170.00,NULL,'30007','112',2),
	(202212,'2023-04-03','2023-04-25',85.50,NULL,'30008','112',2),
	(202319,'2023-05-23','2023-06-10',108.40,NULL,'30004','112',3),
	(202286,'2023-10-26','2023-11-15',66.00,NULL,'30005','112',2),
	(202305,'2023-12-24','2023-12-31',42.00,NULL,'30006','112',3),
	(202288,'2024-02-22','2024-03-06',50.00,NULL,'30001','112',1),
	(202236,'2023-05-21','2023-06-16',109.50,NULL,'30002','112',1),
	(202201,'2023-03-30','2023-04-29',134.00,NULL,'30003','112',2),
	(202204,'2024-04-17','2024-04-25',65.00,NULL,'30004','112',1),
	(202299,'2023-10-29','2023-11-26',145.00,NULL,'30005','112',1),
	(202363,'2023-03-07','2023-03-28',25.00,NULL,'30003','112',3),
	(202218,'2024-05-29','2024-06-25',111.00,NULL,'30004','112',3),
	(202380,'2024-02-15','2024-03-10',122.00,NULL,'30005','112',1),
	(202263,'2023-02-17','2023-03-17',324.75,NULL,'30006','112',1),
	(202268,'2024-05-01','2024-05-24',50.50,NULL,'30007','112',2),
	(202258,'2023-06-09','2023-06-23',106.0,NULL,'30008','112',3),
	(202278,'2023-12-22','2024-01-08',101.00,NULL,'30004','112',3),
	(202384,'2023-01-07','2023-01-22',70.00,NULL,'30005','112',3),
	(202298,'2024-04-16','2024-05-12',170.00,NULL,'30006','112',3),
	(202381,'2023-07-09','2023-08-16',74.00,NULL,'30001','112',1),
	(202316,'2024-02-16','2024-02-27',42.00,NULL,'30002','112',2),
	(202264,'2023-11-03','2023-11-16',138.00,NULL,'30002','112',2),
	(202245,'2023-12-21','2024-01-09',201.00,NULL,'30003','112',3),
	(202205,'2023-08-16','2023-09-09',132.00,NULL,'30004','112',2),
	(202251,'2024-04-13','2024-04-27',35.00,NULL,'30005','112',1),
	(202247,'2023-06-27','2023-07-11',72.00,NULL,'30003','112',3),
	(202274,'2023-06-28','2023-07-25',50.00,NULL,'30009','112',3),
	(202291,'2023-09-28','2023-10-19',136.00,NULL,'30003','112',3),
	(202215,'2023-01-16','2023-02-02',69.50,NULL,'30006','112',2),
	(202387,'2023-08-29','2023-09-09',77.00,NULL,'30001','112',2),
	(202364,'2024-03-26','2024-04-07',54.00,NULL,'30002','112',2),
	(202283,'2023-09-15','2023-10-03',144.50,NULL,'30003','112',1),
	(202270,'2023-08-03','2023-08-27',207.00,NULL,'30001','112',2),
	(202216,'2023-06-14','2023-06-24',144.50,NULL,'30002','112',2),
	(202388,'2024-03-25','2024-04-22',76.00,NULL,'30003','112',3),
	(202219,'2023-05-25','2023-06-14',68.00,NULL,'30004','112',3),
	(202234,'2024-01-12','2024-02-10',69.50,NULL,'30005','112',3),
	(202220,'2023-11-25','2023-12-20',25.00,NULL,'30006','112',2),
	(202373,'2023-09-16','2023-10-12',85.50,NULL,'30007','112',3),
	(202272,'2024-01-14','2024-02-04',30.00,NULL,'30007','112',1),
	(202244,'2024-01-28','2024-02-14',225.00,NULL,'30008','112',1),
	(202289,'2023-03-18','2023-04-17',16.00,NULL,'30004','112',2),
	(202369,'2024-01-25','2024-02-17',12.00,NULL,'30005','112',3),
	(202293,'2023-11-11','2023-11-28',135.00,NULL,'30006','112',1),
	(202262,'2024-04-24','2024-05-04',54.00,NULL,'30001','112',2),
	(202285,'2024-05-05','2024-05-19',142.50,NULL,'30002','112',3),
	(202277,'2023-08-14','2023-09-12',45.00,NULL,'30003','112',1),
	(202345,'2023-10-02','2023-10-26',20.00,NULL,'30004','112',1),
	(202235,'2023-08-17','2023-08-31',75.00,NULL,'30005','112',2),
	(202207,'2024-04-17','2024-04-25',125.00,NULL,'30003','112',3),
	(202221,'2024-05-08','2024-05-31',142.50,NULL,'30004','112',3),
	(202346,'2024-05-05','2024-05-30',100.00,NULL,'30005','112',2),
	(202250,'2024-02-16','2024-02-23',90.00,NULL,'30006','112',2),
	(202239,'2023-02-27','2023-03-16',25.00,NULL,'30007','112',3),
	(202333,'2023-01-05','2023-01-24',54.00,NULL,'30008','112',1),
	(202214,'2023-04-13','2023-04-20',36.00,NULL,'30004','112',3),
	(202287,'2023-04-20','2023-05-03',45.00,NULL,'30005','112',2),
	(202349,'2023-04-02','2023-04-17',80.00,NULL,'30006','112',3),
	(202279,'2024-03-17','2024-04-09',90.00,NULL,'30001','112',1),
	(202284,'2023-09-02','2023-09-12',80.00,NULL,'30002','112',3),
	(202243,'2024-04-14','2024-05-05',13.00,NULL,'30002','112',2),
	(202206,'2023-09-22','2023-10-04',32.00,NULL,'30003','112',1),
	(202233,'2023-11-10','2023-11-26',88.00,NULL,'30004','112',3),
	(202269,'2023-02-06','2023-03-01',36.00,NULL,'30005','112',2),
	(202296,'2023-09-29','2023-10-28',64.00,NULL,'30003','112',1),
	(202261,'2023-12-07','2023-12-31',60.00,NULL,'30009','112',2),
	(202290,'2023-01-15','2023-02-01',110.00,NULL,'30003','112',2);

INSERT INTO Tipo_Asiento_Contable VALUES
	('401','Apertura'),('402','Cierre'),('403','Ajuste'),
	('404','Ingreso'),('405','Gasto'),('406','Pago'),
	('407','Cobro'),('408','Compras'),('409','Ventas'),('410','Provisión');

INSERT INTO Estado_Presupuesto VALUES
	('A','Aprobrado'),('B','Pendiente'),('C','Rechazado');

INSERT INTO Presupuesto VALUES
	('PR001','CM','2023-08-01','2023-08-02','2023-08-31',3757.00,1375.00,'10001','ene-24','A'),
	('PR002','VT','2023-08-24','2023-09-08','2023-09-25',2669.00,1239.00,'10002','jun-24','A'),
	('PR003','AM','2024-05-29','2024-06-12','2024-07-01',1263.00,710.00,'20003','mar-23','A'),
	('PR004','DT','2024-05-15',	NULL,NULL,1918.00,NULL,'10004','ene-24','B'),
	('PR005','FZ','2023-07-04',	NULL,NULL,3029.00,NULL,'10005','ene-24','C'),
	('PR006','MK','2024-05-25','2024-06-02','2024-06-18',954.00,903.00,'10006','ene-24','A'),
	('PR007','CR','2024-03-17','2024-03-29','2024-04-17',1300.00,86.00,'20007','ene-24	','A'),
	('PR008','VT','2024-03-17','2024-03-29','2024-04-17',1300.00,86.00,'10002','ene-24','A'),
	('PR009','AM','2024-03-26',	NULL,NULL,3985.00,NULL,'10003','jun-24','C'),
	('PR010','DT','2023-10-22','2023-10-25','2023-11-24',3820.00,859.00,'10004','mar-23','A'),
	('PR011','FZ','2024-03-18',	NULL,NULL,801.00,NULL,'10005','ene-24','C'),
	('PR012','MK','2024-03-18','2024-03-22','2024-04-14',1128.00,775.00,'20006','jun-24','A'),
	('PR013','CR','2023-06-28',	NULL,NULL,1795.00,NULL,'20007','jun-24','C'),
	('PR014','VT','2024-05-12',	NULL,NULL,3063.00,NULL,'20002','mar-23','B'),
	('PR015','AM','2024-05-22','2024-06-05','2024-06-26',3809.00,2208.00,'20003','jun-24','A');
